{"0":"SceneCam","1":"SceneViewCamera","2":{"0":20,"1":60},"3":50,"4":[0,0,640,480],"5":[0.8,0.8,0.8,1],"8":"WorldCam","9":"cameraListItem1","10":{"0":20.78125,"1":59.140625},"11":50,"12":[0,0,640,480],"13":[0.8,0.8,0.8,1],"14":"window[\"WorldCam\"] = function(wcCenter, wcWidth, viewportArray) {\n\tCamera.call(this, wcCenter, wcWidth, viewportArray);\n};\ngEngine.View.inheritPrototype(window[\"WorldCam\"], window[\"Camera\"]);\n\nWorldCam.prototype.update = function () {\n\tCamera.prototype.update.call(this);\n\n};\n\n","15":0}