<?xml version="1.0" encoding="UTF-8"?>
<project-private xmlns="http://www.netbeans.org/ns/project-private/1">
    <editor-bookmarks xmlns="http://www.netbeans.org/ns/editor-bookmarks/2" lastBookmarkId="0"/>
    <open-files xmlns="http://www.netbeans.org/ns/projectui-open-files/2">
        <group name="CSS490Shared">
            <file>file:/C:/Users/Kelvin/Dropbox/2.Classes/490/CSS490Shared/Source/MPSolutions/MP7.KelvinSolution/public_html/src/Engine/RigidShapes/CollisionInfo.js</file>
        </group>
        <group name="452-MPSolutions"/>
        <group name="GameTopics">
            <file>file:/C:/Users/Kelvin/Desktop/GitHub/html5engine/BookChapters/GamePhysicsIntegrated/public_html/index.html</file>
        </group>
        <group name="BookChapters">
            <file>file:/C:/Users/Kelvin/Desktop/GitHub/html5engine/BookChapters/GamePhysicsIntegrated/public_html/src/MyGame/MyGame.js</file>
            <file>file:/C:/Users/Kelvin/Desktop/GitHub/html5engine/BookChapters/GamePhysicsIntegrated/public_html/src/MyGame/Objects/Hero.js</file>
            <file>file:/C:/Users/Kelvin/Desktop/GitHub/html5engine/BookChapters/GamePhysicsIntegrated/public_html/src/MyGame/Objects/Minion.js</file>
            <file>file:/C:/Users/Kelvin/Desktop/GitHub/html5engine/BookChapters/GamePhysicsIntegrated/public_html/src/Engine/GameObjects/GameObject.js</file>
            <file>file:/C:/Users/Kelvin/Desktop/GitHub/html5engine/BookChapters/GamePhysicsIntegrated/public_html/src/Engine/RigidShapes/RigidShape.js</file>
            <file>file:/C:/Users/Kelvin/Desktop/GitHub/html5engine/BookChapters/GamePhysicsIntegrated/public_html/src/Engine/Core/Engine_ParticleSystem.js</file>
            <file>file:/C:/Users/Kelvin/Desktop/GitHub/html5engine/BookChapters/GamePhysicsIntegrated/public_html/src/MyGame/Objects/WASDObj.js</file>
            <file>file:/C:/Users/Kelvin/Desktop/GitHub/html5engine/BookChapters/GamePhysicsIntegrated/public_html/src/Engine/Core/Engine_Physics.js</file>
            <file>file:/C:/Users/Kelvin/Desktop/GitHub/html5engine/BookChapters/GamePhysicsIntegrated/public_html/src/MyGame/MyGame_Bounds.js</file>
        </group>
        <group name="Apress-2d-game-engine">
            <file>file:/C:/Users/Kelvin/Desktop/GitHub/build-your-own-2d-game-engine/AdditionalMaterials/2018.3.EngineWithRigidPhysics/public_html/src/Engine/Core/Resources/Engine_ResourceMap.js</file>
            <file>file:/C:/Users/Kelvin/Desktop/GitHub/build-your-own-2d-game-engine/AdditionalMaterials/2018.3.EngineWithRigidPhysics/public_html/src/Engine/Core/Engine_Particle.js</file>
            <file>file:/C:/Users/Kelvin/Desktop/GitHub/build-your-own-2d-game-engine/AdditionalMaterials/2018.3.EngineWithRigidPhysics/public_html/src/Engine/Core/Engine_ParticleSystem.js</file>
            <file>file:/C:/Users/Kelvin/Desktop/GitHub/build-your-own-2d-game-engine/AdditionalMaterials/2018.3.EngineWithRigidPhysics/public_html/index.html</file>
        </group>
        <group>
            <file>file:/D:/BIONICLE%20IGNIKA/test/NetBeansProjects/Phase2/build-your-own-2d-game-engine-master/build-your-own-2d-game-engine-master/V2-EngineWithPhysics+Particles/1.SimpleExample/public_html/src/MyGame/MyGame.js</file>
            <file>file:/D:/BIONICLE%20IGNIKA/test/NetBeansProjects/Phase2/build-your-own-2d-game-engine-master/build-your-own-2d-game-engine-master/V2-EngineWithPhysics+Particles/1.SimpleExample/public_html/src/MyGame/Objects/Arena.js</file>
            <file>file:/D:/BIONICLE%20IGNIKA/test/NetBeansProjects/Phase2/build-your-own-2d-game-engine-master/build-your-own-2d-game-engine-master/V2-EngineWithPhysics+Particles/1.SimpleExample/public_html/src/Engine/RigidShapes/RigidShape.js</file>
        </group>
    </open-files>
</project-private>
