{"0":"BackGround","1":"window[\"BackGround\"] = function(renderableObj) {\n            GameObject.call(this, renderableObj);\n        }\n        gEngine.View.inheritPrototype(window[\"BackGround\"], window[\"GameObject\"]);\n        \n        BackGround.prototype.update = function() {\n            GameObject.prototype.update.call(this);\n        };\n        \n        BackGround.prototype.draw = function(aCamera) {\n            GameObject.prototype.draw.call(this, aCamera);\n        };\n        \n        BackGround.prototype.onCollisionStay = function(otherObj) {\n            \n        };\n        \n        BackGround.prototype.onCollisionEnter = function(otherObj) {\n        \n        };\n        \n        BackGround.prototype.onCollisionExit = function(otherObj) {\n            \n        };","2":"bg.png","3":20,"4":60,"5":5,"6":5,"7":0,"8":[1,1,1,0],"9":"Default","10":"bg_normal.png"}