{"0":"Ball","1":"window[\"Ball\"] = function(renderableObj) {\n            GameObject.call(this, renderableObj);\n            this.mXSpeed = 0.4;\n            this.mYSpeed = 0.4;\n        }\n        gEngine.View.inheritPrototype(window[\"Ball\"], window[\"GameObject\"]);\n        \n        Ball.prototype.update = function() {\n            GameObject.prototype.update.call(this);\n            this.collideWithBounds();\n            this.collideWithPaddle();\n            this.move();\n            this.updateHighlight();\n        };\n        \n        Ball.prototype.updateHighlight = function() {\n            var light = gGuiBase.LightSupport.getLightByID(\"ballHighlight\");\n            var pos = light.mPosition;\n            var xf = this.getXform();\n            pos = [xf.getXPos(), xf.getYPos(), pos[2]];\n            light.mPosition = pos;\n        };\n        \n        Ball.prototype.move = function() {\n            var xf = this.getXform();\n            xf.setXPos(xf.getXPos() + this.mXSpeed);\n            xf.setYPos(xf.getYPos() + this.mYSpeed);\n        };\n        \n        Ball.prototype.collideWithBounds = function () {\n            var mainCam = gGuiBase.CameraSupport.getCameraByName(\"WorldCam\");\n            var collideStatus = mainCam.collideWCBound(this.getXform(), 1);\n            switch(collideStatus) {\n                case BoundingBox.eboundCollideStatus.eCollideRight:\n                case BoundingBox.eboundCollideStatus.eCollideLeft:\n                    this.mXSpeed = -this.mXSpeed;\n                    break;\n                case BoundingBox.eboundCollideStatus.eCollideTop:\n                    this.mYSpeed = -this.mYSpeed;\n                    break;\n            }\n        };\n        \n        Ball.prototype.collideWithPaddle = function() {\n            var paddle = gGuiBase.InstanceSupport.getInstanceByID('Paddle[0]');\n            var bbox = paddle.getBBox();\n            var collidedWithPaddle = this.getBBox().intersectsBound(bbox);\n            if (collidedWithPaddle && this.mYSpeed < 0) {\n                this.mYSpeed = -this.mYSpeed;\n            }\n        };\n        \n        Ball.prototype.draw = function(aCamera) {\n            GameObject.prototype.draw.call(this, aCamera);\n        };\n        \n        Ball.prototype.onCollisionStay = function(otherObj) {\n            \n        };\n        \n        Ball.prototype.onCollisionEnter = function(otherObj) {\n        \n        };\n        \n        Ball.prototype.onCollisionExit = function(otherObj) {\n            \n        };","2":"DyeBoss_CenterSpawn.png","3":20,"4":60,"5":5,"6":5,"7":0,"8":[1,1,1,0],"9":false,"10":false}