{"0":"Paddle","1":"window[\"Paddle\"] = function(renderableObj) {\n            GameObject.call(this, renderableObj);\n            this.mMoveSpeed = 1.0;\n        }\n        gEngine.View.inheritPrototype(window[\"Paddle\"], window[\"GameObject\"]);\n        \n        Paddle.prototype.update = function() {\n            GameObject.prototype.update.call(this);\n            var xf = this.getXform();\n            if (gEngine.Input.isKeyPressed(gEngine.Input.keys.A)) {\n                xf.setXPos(xf.getXPos() - this.mMoveSpeed);\n            } else if (gEngine.Input.isKeyPressed(gEngine.Input.keys.D)) {\n                xf.setXPos(xf.getXPos() + this.mMoveSpeed);\n            }\n        };\n        \n        Paddle.prototype.draw = function(aCamera) {\n            GameObject.prototype.draw.call(this, aCamera);\n        };\n        \n        Paddle.prototype.onCollisionStay = function(otherObj) {\n            \n        };\n        \n        Paddle.prototype.onCollisionEnter = function(otherObj) {\n        \n        };\n        \n        Paddle.prototype.onCollisionExit = function(otherObj) {\n            \n        };","2":"platform.png","3":18.920000076293945,"4":43.369998931884766,"5":13.399999618530273,"6":2.1500000953674316,"7":0,"8":[1,1,1,0],"9":"Default","10":"platform_normal.png"}