<?xml version="1.0" encoding="UTF-8"?>
<project-private xmlns="http://www.netbeans.org/ns/project-private/1">
    <editor-bookmarks xmlns="http://www.netbeans.org/ns/editor-bookmarks/2" lastBookmarkId="1">
        <file>
            <url>public_html/src/TheCollisionOfBlackAndWhite/Objects/SecondHero.js</url>
            <bookmark id="1">
                <name/>
                <line>17</line>
                <key/>
            </bookmark>
        </file>
    </editor-bookmarks>
    <open-files xmlns="http://www.netbeans.org/ns/projectui-open-files/2">
        <group name="2Dgame">
            <file>file:/C:/Users/任继辉/Desktop/Final_Game/public_html/src/TheCollisionOfBlackAndWhite/Objects/Select.js</file>
        </group>
    </open-files>
</project-private>
