<?xml version="1.0" encoding="UTF-8"?>
<project-private xmlns="http://www.netbeans.org/ns/project-private/1">
    <editor-bookmarks xmlns="http://www.netbeans.org/ns/editor-bookmarks/2" lastBookmarkId="0"/>
    <open-files xmlns="http://www.netbeans.org/ns/projectui-open-files/2">
        <group name="2Dgame">
            <file>file:/C:/Users/任继辉/Desktop/SoC/The-collision-of-Black-and-White/public_html/src/AdventuresOfDye/Objects/Intro.js</file>
            <file>file:/C:/Users/任继辉/Desktop/SoC/The-collision-of-Black-and-White/public_html/src/AdventuresOfDye/Objects/BlackWin.js</file>
        </group>
        <group name="The-collision-of-Black-and-White">
            <file>file:/D:/桌面/SOC%20summer%20workshop/The-collision-of-Black-and-White/public_html/src/AdventuresOfDye/Objects/Select.js</file>
            <file>file:/D:/桌面/SOC%20summer%20workshop/The-collision-of-Black-and-White/public_html/src/AdventuresOfDye/Objects/WhiteHero.js</file>
            <file>file:/D:/桌面/SOC%20summer%20workshop/The-collision-of-Black-and-White/public_html/src/AdventuresOfDye/GameLevel_01.js</file>
            <file>file:/D:/桌面/SOC%20summer%20workshop/The-collision-of-Black-and-White/public_html/src/AdventuresOfDye/TheCollisionOfBlackAndWhite.js</file>
            <file>file:/D:/桌面/SOC%20summer%20workshop/The-collision-of-Black-and-White/public_html/src/AdventuresOfDye/Objects/Rondom_weapon.js</file>
            <file>file:/D:/桌面/SOC%20summer%20workshop/The-collision-of-Black-and-White/public_html/src/Engine/Core/Engine_Core.js</file>
            <file>file:/D:/桌面/SOC%20summer%20workshop/The-collision-of-Black-and-White/public_html/src/AdventuresOfDye/Objects/BlackWin.js</file>
            <file>file:/D:/桌面/SOC%20summer%20workshop/The-collision-of-Black-and-White/public_html/src/Engine/Core/Engine_GameLoop.js</file>
            <file>file:/D:/桌面/SOC%20summer%20workshop/The-collision-of-Black-and-White/public_html/src/AdventuresOfDye/Objects/BlackHero.js</file>
            <file>file:/D:/桌面/SOC%20summer%20workshop/The-collision-of-Black-and-White/public_html/src/AdventuresOfDye/Objects/bullet_lib.js</file>
            <file>file:/D:/桌面/SOC%20summer%20workshop/The-collision-of-Black-and-White/public_html/src/Engine/Core/Engine_Input.js</file>
        </group>
    </open-files>
</project-private>
